{"statistics":{"msgRecived":107,"msgSent":341},"players":{},"enemys":{"_2yoamkfru":{"enemyId":"_2yoamkfru","name":"Skull","x":1166.9859985793114,"y":-1740.9588328160362,"toX":1166.9859985793114,"toY":-1740.9588328160362,"hp":6,"lv":1},"_u5q309e2b":{"enemyId":"_u5q309e2b","name":"Skull","x":-1489,"y":-1907,"toX":-1582,"toY":-1907,"hp":6,"lv":1,"last_damage_stamp":"2020-08-26T21:29:22-03:00"}},"trees":{}}