{"statistics":{"msgRecived":107,"msgSent":341},"players":{},"enemys":{"_2yoamkfru":{"enemyId":"_2yoamkfru","name":"Skull","x":4226.985998579312,"y":-6197.958832816036,"toX":4226.985998579312,"toY":-6197.958832816036,"hp":6,"lv":1},"_u5q309e2b":{"enemyId":"_u5q309e2b","name":"Skull","x":-3015,"y":-2606,"toX":-3015,"toY":-2606,"hp":6,"lv":1,"last_damage_stamp":"2020-08-26T21:29:22-03:00"}},"trees":{}}